<?xml version="1.0" encoding="UTF-8"?>
<Defs>

	<WorkGiverDef>
		<defName>DoBillsUseRockMill</defName>
		<label>do bills at rock mill</label>
		<giverClass>WorkGiver_DoBill</giverClass>
		<workType>Crafting</workType>
		<priorityInType>130</priorityInType>
		<fixedBillGiverDefs>
			<li>RockMill</li>
		</fixedBillGiverDefs>
		<verb>mill</verb>
		<gerund>milling at</gerund>
		<requiredCapacities>
			<li>Manipulation</li>
		</requiredCapacities>
		<prioritizeSustains>true</prioritizeSustains>
	</WorkGiverDef>

</Defs>
